userId,movieId,rating,timestamp
0,53,4.0,4.0
0,2,4.0,4.0
0,4,3.0,3.0
0,34,3.0,4.0
0,12,2.0,2.0
0,16,3.0,3.0
0,18,5.0,5.0
0,24,4.0,3.0
0,35,2.0,2.0
0,10,5.0,5.0
0,72,5.0,4.0
0,15,4.0,5.0
0,0,5.0,5.0
0,1,4.0,4.0
0,6,4.0,4.0
0,8,4.0,4.0
0,37,4.0,4.0
0,91,4.0,5.0
0,14,3.0,3.0
0,27,3.0,3.0
0,3,4.0,4.0
0,7,5.0,4.0
0,9,4.0,4.0
0,63,1.0,1.0
0,68,1.0,1.0
0,28,5.0,5.0
0,56,5.0,5.0
0,20,5.0,4.0
0,51,3.0,4.0
0,19,5.0,4.0
0,81,5.0,5.0
0,31,2.0,2.0
0,89,4.0,3.0
0,25,3.0,3.0
0,11,4.0,4.0
0,85,3.0,4.0
0,92,5.0,5.0
0,84,2.0,1.0
0,95,3.0,4.0
0,64,4.0,5.0
0,5,5.0,5.0
0,46,3.0,3.0
1,28,5.0,5.0
1,2,3.0,3.0
1,31,2.0,2.0
1,6,4.0,3.0
1,8,3.0,3.0
1,12,2.0,2.0
1,92,5.0,5.0
1,16,2.0,2.0
1,18,4.0,4.0
1,27,3.0,2.0
1,10,5.0,5.0
1,85,3.0,3.0
1,0,5.0,5.0
1,4,1.0,1.0
1,35,1.0,1.0
1,14,3.0,3.0
1,84,2.0,2.0
1,72,4.0,5.0
1,20,4.0,4.0
1,53,4.0,4.0
1,15,3.0,3.0
1,34,3.0,3.0
1,1,4.0,3.0
1,9,3.0,3.0
1,63,1.0,1.0
1,68,1.0,1.0
1,3,4.0,4.0
1,7,4.0,4.0
1,90,1.0,1.0
1,5,5.0,5.0
1,46,4.0,4.0
1,25,3.0,3.0
1,56,5.0,5.0
1,93,2.0,1.0
1,91,3.0,3.0
1,89,4.0,4.0
1,81,5.0,5.0
1,11,4.0,4.0
1,19,4.0,4.0
1,24,2.0,2.0
1,37,4.0,2.0
1,23,3.0,3.0
1,95,3.0,1.0
1,57,3.0,3.0
2,27,3.0,4.0
2,0,5.0,5.0
2,1,4.0,4.0
2,9,2.0,2.0
2,10,5.0,5.0
2,11,3.0,3.0
2,63,1.0,1.0
2,68,1.0,1.0
2,85,3.0,1.0
2,28,5.0,5.0
2,2,2.0,2.0
2,72,4.0,4.0
2,31,1.0,2.0
2,56,5.0,5.0
2,14,2.0,2.0
2,18,4.0,4.0
2,84,1.0,1.0
2,53,3.0,3.0
2,4,1.0,1.0
2,33,5.0,5.0
2,35,1.0,1.0
2,93,2.0,1.0
2,20,4.0,4.0
2,3,4.0,4.0
2,7,4.0,4.0
2,90,1.0,1.0
2,51,2.0,2.0
2,6,4.0,4.0
2,15,3.0,4.0
2,16,2.0,2.0
2,19,4.0,4.0
2,25,3.0,3.0
2,5,5.0,5.0
2,95,2.0,1.0
2,46,3.0,3.0
2,8,3.0,2.0
2,92,5.0,4.0
2,37,3.0,3.0
2,89,4.0,4.0
2,81,5.0,5.0
2,12,2.0,2.0
2,78,4.0,4.0
2,91,4.0,4.0
2,87,1.0,1.0
2,34,3.0,3.0
2,49,4.0,3.0
2,32,2.0,2.0
2,17,4.0,2.0
2,24,2.0,1.0
2,23,2.0,2.0
2,26,3.0,4.0
2,13,4.0,4.0
2,36,3.0,2.0
2,64,4.0,4.0
2,57,2.0,1.0
2,50,3.0,1.0
3,0,5.0,5.0
3,1,3.0,4.0
3,3,4.0,4.0
3,9,3.0,3.0
3,10,5.0,5.0
3,68,1.0,1.0
3,16,2.0,2.0
3,28,5.0,5.0
3,31,2.0,2.0
3,56,5.0,5.0
3,90,1.0,1.0
3,95,3.0,2.0
3,53,3.0,3.0
3,2,2.0,2.0
3,4,1.0,1.0
3,35,1.0,1.0
3,37,2.0,2.0
3,91,4.0,3.0
3,34,3.0,3.0
3,20,4.0,5.0
3,92,5.0,5.0
3,6,3.0,3.0
3,11,4.0,3.0
3,25,3.0,3.0
3,27,3.0,3.0
3,14,2.0,3.0
3,15,3.0,3.0
3,19,4.0,4.0
3,93,2.0,3.0
3,7,4.0,4.0
3,12,2.0,2.0
3,18,4.0,4.0
3,89,4.0,4.0
3,81,5.0,5.0
3,84,1.0,1.0
3,5,5.0,5.0
3,46,4.0,3.0
3,8,3.0,3.0
3,51,3.0,2.0
3,85,4.0,4.0
4,53,3.0,3.0
4,2,3.0,3.0
4,31,2.0,2.0
4,6,4.0,3.0
4,89,4.0,5.0
4,92,5.0,5.0
4,14,3.0,3.0
4,15,3.0,3.0
4,16,2.0,2.0
4,81,5.0,5.0
4,84,1.0,2.0
4,10,5.0,5.0
4,27,3.0,4.0
4,12,2.0,2.0
4,68,1.0,1.0
4,51,3.0,4.0
4,34,3.0,2.0
4,5,5.0,5.0
4,18,4.0,4.0
4,19,5.0,5.0
4,1,3.0,3.0
4,24,2.0,3.0
4,72,4.0,3.0
4,23,3.0,2.0
4,28,5.0,5.0
4,56,5.0,5.0
4,91,4.0,3.0
4,4,1.0,1.0
4,20,4.0,5.0
4,90,1.0,1.0
4,25,4.0,3.0
4,46,4.0,4.0
4,64,4.0,4.0
4,0,5.0,5.0
4,3,4.0,4.0
4,9,3.0,3.0
4,8,3.0,4.0
4,36,3.0,3.0
4,35,1.0,1.0
4,95,2.0,1.0
4,85,3.0,2.0
4,7,4.0,4.0
4,63,1.0,1.0
4,93,2.0,3.0
4,11,4.0,5.0
5,28,5.0,5.0
5,53,3.0,3.0
5,2,2.0,2.0
5,6,4.0,3.0
5,34,3.0,3.0
5,16,2.0,2.0
5,49,4.0,4.0
5,27,3.0,3.0
5,1,4.0,4.0
5,10,5.0,5.0
5,68,1.0,1.0
5,18,5.0,5.0
5,31,2.0,2.0
5,35,1.0,1.0
5,5,5.0,5.0
5,56,5.0,5.0
5,8,3.0,3.0
5,92,5.0,4.0
5,15,4.0,4.0
5,85,3.0,2.0
5,4,2.0,1.0
5,12,2.0,2.0
5,89,4.0,5.0
5,37,3.0,4.0
5,81,5.0,5.0
5,0,5.0,5.0
5,3,4.0,4.0
5,9,2.0,3.0
5,19,4.0,4.0
5,64,4.0,4.0
5,14,3.0,3.0
5,20,4.0,5.0
5,24,1.0,2.0
5,90,1.0,1.0
5,95,2.0,2.0
5,91,4.0,4.0
5,72,4.0,5.0
5,46,3.0,3.0
5,93,2.0,3.0
5,11,3.0,3.0
5,84,1.0,2.0
5,7,4.0,4.0
5,25,2.0,2.0
5,50,2.0,2.0
5,57,2.0,2.0
5,51,3.0,2.0
6,27,3.0,3.0
6,0,5.0,5.0
6,1,3.0,3.0
6,3,3.0,3.0
6,7,4.0,4.0
6,9,3.0,3.0
6,10,5.0,5.0
6,11,3.0,4.0
6,14,2.0,3.0
6,68,1.0,1.0
6,85,3.0,2.0
6,2,2.0,2.0
6,4,1.0,1.0
6,6,3.0,3.0
6,8,3.0,3.0
6,15,3.0,2.0
6,16,2.0,2.0
6,84,1.0,2.0
6,28,5.0,5.0
6,34,2.0,3.0
6,56,5.0,5.0
6,89,4.0,3.0
6,31,2.0,1.0
6,5,5.0,5.0
6,12,2.0,2.0
6,18,4.0,3.0
6,92,4.0,5.0
6,81,5.0,5.0
6,20,4.0,3.0
6,53,3.0,3.0
6,19,4.0,4.0
6,35,1.0,1.0
7,81,5.0,5.0
7,92,5.0,4.0
7,0,5.0,5.0
7,1,5.0,5.0
7,9,4.0,3.0
7,3,5.0,5.0
7,53,4.0,3.0
7,7,5.0,4.0
7,2,3.0,3.0
7,10,5.0,5.0
7,14,3.0,2.0
7,16,3.0,2.0
7,34,3.0,4.0
7,8,4.0,4.0
7,4,3.0,3.0
7,6,5.0,5.0
7,12,2.0,3.0
7,68,1.0,2.0
7,28,5.0,5.0
7,31,2.0,2.0
7,5,5.0,5.0
7,56,5.0,5.0
7,18,5.0,5.0
7,46,4.0,4.0
7,24,3.0,1.0
7,63,1.0,1.0
7,35,2.0,2.0
7,15,5.0,5.0
7,19,5.0,4.0
7,64,4.0,5.0
7,91,4.0,5.0
7,84,2.0,1.0
7,11,4.0,4.0
7,85,4.0,4.0
7,89,4.0,3.0
7,23,4.0,4.0
7,27,3.0,3.0
7,95,3.0,4.0
7,20,5.0,5.0
7,25,4.0,3.0
7,37,4.0,2.0
8,28,5.0,5.0
8,2,2.0,2.0
8,10,5.0,5.0
8,31,2.0,2.0
8,6,4.0,4.0
8,8,4.0,4.0
8,37,3.0,3.0
8,12,2.0,2.0
8,92,5.0,4.0
8,15,4.0,4.0
8,95,3.0,2.0
8,20,5.0,5.0
8,11,3.0,2.0
8,0,5.0,5.0
8,68,1.0,1.0
8,81,5.0,5.0
8,1,4.0,4.0
8,27,3.0,4.0
8,3,4.0,4.0
8,9,2.0,2.0
8,16,2.0,2.0
8,34,3.0,4.0
8,14,2.0,2.0
8,4,2.0,2.0
8,89,4.0,3.0
8,90,1.0,1.0
8,18,5.0,5.0
8,5,5.0,5.0
8,57,2.0,2.0
8,46,3.0,4.0
8,19,4.0,4.0
8,23,3.0,3.0
8,24,1.0,1.0
8,51,2.0,2.0
8,53,3.0,3.0
8,84,1.0,1.0
8,56,5.0,5.0
8,35,1.0,2.0
8,64,4.0,4.0
8,7,4.0,3.0
8,25,3.0,3.0
8,63,1.0,1.0
8,91,4.0,5.0
8,33,5.0,5.0
8,32,2.0,2.0
8,85,3.0,2.0
8,72,5.0,5.0
8,36,3.0,3.0
9,2,2.0,2.0
9,34,3.0,3.0
9,8,3.0,4.0
9,10,5.0,5.0
9,15,3.0,3.0
9,68,1.0,1.0
9,3,4.0,4.0
9,7,4.0,2.0
9,14,3.0,4.0
9,84,1.0,2.0
9,31,2.0,2.0
9,89,4.0,4.0
9,19,4.0,4.0
9,0,5.0,5.0
9,1,4.0,4.0
9,9,2.0,4.0
9,20,5.0,5.0
9,4,2.0,1.0
9,81,5.0,5.0
9,11,3.0,3.0
9,28,5.0,5.0
9,56,5.0,5.0
9,5,5.0,5.0
9,12,2.0,1.0
9,18,4.0,4.0
9,46,3.0,3.0
9,27,3.0,2.0
9,16,2.0,2.0
9,53,4.0,4.0
9,92,5.0,4.0
9,6,4.0,3.0
10,2,2.0,2.0
10,6,4.0,4.0
10,10,5.0,5.0
10,16,2.0,2.0
10,4,2.0,2.0
10,53,3.0,3.0
10,5,5.0,5.0
10,20,4.0,2.0
10,68,1.0,1.0
10,28,5.0,5.0
10,56,5.0,5.0
10,64,4.0,4.0
10,0,5.0,5.0
10,1,4.0,4.0
10,3,4.0,4.0
10,9,2.0,3.0
10,31,2.0,2.0
10,19,4.0,3.0
10,26,3.0,3.0
10,27,3.0,2.0
10,14,2.0,2.0
10,63,1.0,1.0
10,92,5.0,5.0
10,35,1.0,1.0
10,81,5.0,5.0
10,89,4.0,3.0
10,34,3.0,3.0
10,8,3.0,3.0
10,12,2.0,1.0
10,15,3.0,4.0
10,18,4.0,4.0
10,46,3.0,3.0
10,11,3.0,4.0
10,85,3.0,4.0
10,91,4.0,4.0
10,23,3.0,3.0
10,25,3.0,2.0
10,51,3.0,2.0
10,24,2.0,2.0
10,84,1.0,2.0
10,95,2.0,3.0
10,7,4.0,4.0
10,57,2.0,2.0
10,33,5.0,5.0
10,72,4.0,4.0
10,37,4.0,5.0
10,36,3.0,3.0
10,90,1.0,1.0
11,0,5.0,5.0
11,2,2.0,3.0
11,10,5.0,5.0
11,16,2.0,2.0
11,68,1.0,1.0
11,27,2.0,2.0
11,1,3.0,3.0
11,9,2.0,2.0
11,96,1.0,1.0
11,28,5.0,5.0
11,53,3.0,3.0
11,31,2.0,1.0
11,56,5.0,5.0
11,8,3.0,3.0
11,12,1.0,1.0
11,18,4.0,4.0
11,34,2.0,3.0
11,89,4.0,4.0
11,4,2.0,2.0
11,6,3.0,3.0
11,23,2.0,2.0
11,14,3.0,2.0
11,15,3.0,3.0
11,95,2.0,1.0
11,19,4.0,4.0
11,24,2.0,1.0
11,64,4.0,4.0
11,3,4.0,4.0
11,37,3.0,4.0
11,92,5.0,5.0
11,7,4.0,4.0
11,11,3.0,3.0
11,50,2.0,2.0
11,5,5.0,5.0
11,46,3.0,3.0
11,25,3.0,3.0
11,51,3.0,3.0
11,57,2.0,2.0
11,33,5.0,5.0
11,63,1.0,1.0
11,90,1.0,1.0
11,84,1.0,2.0
11,91,3.0,3.0
11,93,2.0,3.0
11,20,4.0,3.0
11,72,4.0,4.0
11,35,1.0,1.0
11,81,5.0,5.0
11,85,3.0,4.0
11,49,4.0,1.0
12,3,3.0,2.0
12,2,2.0,2.0
12,10,5.0,5.0
12,37,2.0,1.0
12,16,2.0,2.0
12,68,1.0,1.0
12,34,2.0,1.0
12,14,2.0,1.0
12,35,1.0,1.0
12,0,5.0,5.0
12,9,2.0,2.0
12,92,4.0,5.0
13,27,3.0,3.0
13,2,2.0,2.0
13,10,5.0,5.0
13,51,3.0,3.0
13,4,2.0,2.0
13,8,3.0,3.0
13,24,2.0,1.0
13,12,2.0,2.0
13,39,2.0,2.0
13,18,5.0,5.0
13,19,5.0,4.0
13,64,4.0,5.0
13,83,3.0,3.0
13,1,4.0,4.0
13,32,2.0,2.0
13,16,2.0,3.0
13,9,3.0,3.0
13,92,5.0,5.0
13,0,5.0,5.0
13,3,4.0,4.0
13,7,4.0,4.0
13,63,1.0,1.0
13,35,1.0,2.0
13,26,3.0,4.0
13,5,5.0,5.0
13,15,4.0,4.0
13,46,4.0,4.0
13,14,3.0,3.0
13,84,2.0,1.0
13,34,3.0,3.0
13,20,4.0,4.0
13,81,5.0,5.0
13,89,4.0,4.0
13,28,5.0,5.0
13,53,3.0,4.0
13,31,2.0,2.0
13,95,3.0,2.0
13,68,1.0,1.0
13,6,4.0,4.0
13,11,3.0,4.0
13,85,4.0,3.0
13,23,3.0,3.0
13,25,4.0,4.0
13,33,5.0,5.0
13,56,5.0,5.0
13,13,5.0,4.0
13,91,4.0,4.0
13,37,4.0,4.0
13,72,4.0,4.0
13,90,1.0,1.0
13,93,2.0,1.0
13,38,4.0,3.0
14,0,5.0,5.0
14,1,4.0,3.0
14,3,4.0,4.0
14,72,4.0,4.0
14,9,2.0,3.0
14,10,5.0,5.0
14,18,4.0,4.0
14,2,2.0,2.0
14,4,2.0,2.0
14,6,4.0,4.0
14,8,3.0,3.0
14,15,3.0,3.0
14,16,2.0,2.0
14,84,1.0,3.0
14,68,1.0,1.0
14,53,3.0,3.0
14,31,2.0,2.0
14,5,5.0,5.0
14,20,4.0,3.0
14,28,5.0,5.0
14,56,5.0,5.0
14,34,3.0,3.0
14,27,3.0,4.0
14,7,4.0,4.0
14,89,4.0,3.0
14,92,5.0,5.0
14,81,5.0,5.0
14,14,2.0,3.0
14,12,2.0,2.0
14,11,3.0,2.0
14,19,4.0,4.0
14,63,1.0,1.0
14,35,1.0,2.0
14,25,3.0,3.0
15,6,4.0,4.0
15,8,3.0,3.0
15,10,5.0,5.0
15,12,2.0,2.0
15,92,5.0,4.0
15,15,4.0,4.0
15,16,2.0,2.0
15,18,5.0,5.0
15,27,3.0,4.0
15,7,4.0,5.0
15,90,1.0,1.0
15,11,4.0,3.0
15,68,1.0,1.0
15,34,3.0,4.0
15,20,5.0,4.0
15,81,5.0,5.0
15,0,5.0,5.0
15,1,4.0,4.0
15,72,5.0,5.0
15,3,4.0,4.0
15,9,3.0,3.0
15,28,5.0,5.0
15,2,3.0,2.0
15,56,5.0,5.0
15,31,2.0,2.0
15,33,5.0,4.0
15,95,3.0,3.0
15,53,4.0,4.0
15,57,2.0,2.0
15,51,3.0,3.0
15,36,3.0,3.0
15,64,5.0,5.0
15,83,3.0,4.0
15,5,5.0,5.0
15,14,3.0,3.0
15,25,3.0,3.0
15,4,2.0,2.0
15,35,1.0,2.0
15,46,3.0,4.0
15,89,4.0,4.0
15,19,4.0,4.0
15,24,2.0,1.0
15,91,4.0,5.0
15,23,4.0,4.0
15,84,1.0,2.0
15,38,4.0,4.0
15,37,3.0,3.0
15,39,2.0,2.0
15,93,2.0,1.0
15,26,4.0,4.0
15,63,1.0,1.0
15,13,5.0,5.0
15,85,3.0,4.0
15,78,5.0,3.0
16,89,4.0,5.0
16,34,2.0,3.0
16,20,4.0,4.0
16,8,3.0,2.0
16,12,2.0,2.0
16,51,1.0,1.0
16,2,2.0,2.0
16,53,3.0,2.0
16,14,2.0,2.0
16,16,2.0,2.0
16,18,4.0,4.0
16,0,5.0,5.0
16,1,3.0,3.0
16,3,4.0,4.0
16,10,5.0,5.0
16,9,2.0,3.0
16,68,1.0,1.0
16,92,4.0,4.0
16,81,5.0,5.0
16,7,3.0,2.0
16,11,2.0,2.0
16,5,5.0,5.0
16,46,3.0,3.0
16,28,4.0,3.0
16,56,5.0,5.0
16,35,1.0,1.0
16,4,1.0,1.0
16,93,2.0,3.0
16,6,4.0,3.0
16,31,2.0,2.0
16,15,3.0,3.0
16,91,4.0,3.0
16,19,4.0,3.0
17,28,5.0,5.0
17,2,2.0,2.0
17,4,2.0,2.0
17,6,4.0,4.0
17,34,2.0,3.0
17,8,3.0,2.0
17,10,5.0,5.0
17,91,4.0,4.0
17,93,2.0,1.0
17,20,4.0,4.0
17,0,5.0,5.0
17,9,2.0,3.0
17,31,2.0,2.0
17,5,5.0,5.0
17,92,5.0,5.0
17,15,3.0,3.0
17,19,4.0,5.0
17,46,4.0,4.0
17,53,3.0,2.0
17,89,4.0,4.0
17,18,4.0,4.0
17,56,5.0,5.0
17,16,2.0,2.0
17,35,1.0,1.0
17,68,1.0,1.0
17,85,3.0,2.0
17,12,2.0,2.0
17,1,4.0,3.0
17,7,4.0,4.0
17,95,2.0,3.0
17,63,1.0,1.0
17,51,3.0,2.0
17,3,4.0,4.0
17,25,3.0,3.0
17,37,3.0,3.0
17,81,5.0,5.0
17,14,2.0,2.0
17,23,3.0,3.0
17,27,3.0,3.0
17,84,1.0,1.0
17,11,3.0,3.0
17,24,2.0,1.0
17,32,2.0,3.0
18,2,2.0,2.0
18,31,2.0,2.0
18,4,2.0,1.0
18,35,1.0,1.0
18,10,5.0,5.0
18,18,4.0,5.0
18,0,5.0,5.0
18,1,4.0,4.0
18,3,4.0,4.0
18,7,4.0,3.0
18,9,2.0,3.0
18,11,2.0,3.0
18,14,2.0,2.0
18,63,1.0,1.0
18,53,3.0,4.0
18,6,4.0,4.0
18,15,4.0,3.0
18,24,1.0,2.0
18,68,1.0,1.0
18,28,5.0,5.0
18,34,3.0,2.0
18,16,2.0,2.0
18,27,3.0,3.0
18,5,5.0,5.0
18,8,3.0,3.0
18,12,2.0,3.0
18,92,4.0,5.0
18,20,4.0,4.0
18,81,5.0,5.0
18,84,1.0,1.0
18,19,4.0,5.0
18,25,2.0,3.0
18,56,5.0,5.0
18,91,4.0,4.0
18,85,2.0,2.0
18,72,4.0,5.0
18,37,3.0,2.0
18,89,4.0,4.0
18,95,3.0,3.0
19,0,5.0,5.0
19,1,3.0,2.0
19,2,2.0,2.0
19,27,2.0,2.0
19,4,1.0,1.0
19,32,1.0,1.0
19,6,3.0,3.0
19,10,5.0,5.0
19,12,2.0,2.0
19,51,2.0,2.0
19,34,2.0,3.0
19,8,2.0,2.0
19,14,2.0,2.0
19,15,3.0,3.0
19,16,1.0,1.0
19,19,4.0,4.0
19,64,4.0,4.0
19,3,4.0,4.0
19,7,3.0,3.0
19,68,1.0,1.0
19,9,2.0,2.0
19,28,4.0,4.0
19,56,5.0,5.0
19,31,1.0,1.0
19,5,5.0,5.0
19,46,3.0,3.0
19,85,3.0,3.0
19,63,1.0,1.0
19,50,2.0,3.0
19,53,2.0,2.0
19,18,4.0,4.0
19,23,2.0,2.0
19,24,1.0,1.0
19,84,1.0,1.0
19,25,2.0,2.0
19,72,4.0,4.0
19,90,1.0,1.0
19,92,4.0,4.0
19,33,5.0,4.0
19,20,3.0,3.0
19,11,2.0,2.0
19,35,1.0,1.0
19,81,5.0,5.0
19,91,3.0,3.0
19,95,2.0,2.0
19,37,2.0,1.0
19,89,3.0,3.0
19,57,1.0,2.0
20,10,5.0,5.0
20,16,2.0,2.0
20,27,3.0,4.0
20,0,5.0,5.0
20,3,4.0,3.0
20,11,3.0,2.0
20,14,2.0,2.0
20,68,1.0,1.0
20,85,2.0,3.0
20,95,2.0,1.0
20,2,2.0,2.0
20,28,4.0,5.0
20,31,1.0,1.0
20,5,5.0,4.0
20,56,5.0,5.0
20,1,4.0,4.0
20,9,2.0,2.0
20,63,1.0,1.0
20,34,2.0,2.0
20,8,3.0,2.0
20,20,4.0,4.0
20,23,2.0,2.0
20,4,2.0,2.0
20,12,2.0,2.0
20,15,3.0,4.0
20,18,4.0,4.0
20,19,4.0,4.0
20,51,2.0,2.0
20,53,3.0,3.0
20,64,4.0,4.0
20,84,1.0,1.0
20,91,4.0,3.0
20,6,4.0,4.0
20,46,3.0,3.0
20,7,3.0,3.0
20,89,3.0,4.0
20,81,5.0,5.0
20,35,1.0,1.0
20,92,4.0,4.0
20,93,2.0,2.0
20,90,1.0,1.0
20,37,2.0,1.0
20,49,4.0,3.0
20,57,2.0,1.0
20,25,2.0,3.0
20,24,1.0,1.0
20,33,5.0,5.0
21,28,5.0,5.0
21,31,1.0,1.0
21,5,5.0,5.0
21,34,2.0,2.0
21,46,4.0,3.0
21,2,2.0,2.0
21,4,1.0,1.0
21,53,3.0,3.0
21,6,3.0,2.0
21,36,3.0,2.0
21,12,1.0,2.0
21,14,2.0,2.0
21,15,2.0,2.0
21,18,3.0,2.0
21,84,1.0,1.0
21,25,3.0,3.0
21,10,5.0,5.0
21,95,2.0,1.0
21,92,4.0,5.0
21,8,3.0,3.0
21,16,2.0,2.0
21,19,4.0,4.0
21,20,4.0,4.0
21,49,3.0,2.0
21,51,3.0,3.0
21,89,4.0,4.0
21,57,2.0,3.0
21,0,5.0,5.0
21,27,2.0,2.0
21,3,3.0,3.0
21,68,1.0,1.0
21,56,5.0,5.0
21,35,1.0,1.0
21,7,4.0,4.0
21,11,3.0,2.0
21,1,3.0,2.0
21,9,3.0,3.0
21,85,3.0,3.0
21,91,4.0,3.0
21,81,5.0,5.0
21,72,3.0,4.0
21,90,1.0,1.0
22,2,2.0,2.0
22,31,2.0,2.0
22,4,1.0,1.0
22,6,3.0,4.0
22,34,3.0,2.0
22,35,1.0,1.0
22,8,3.0,2.0
22,10,5.0,5.0
22,12,1.0,1.0
22,16,2.0,2.0
22,89,4.0,4.0
22,37,3.0,3.0
22,92,5.0,5.0
22,81,5.0,5.0
22,14,3.0,3.0
22,18,5.0,5.0
22,72,4.0,4.0
22,53,3.0,3.0
22,19,4.0,4.0
22,64,4.0,4.0
22,25,3.0,2.0
22,3,4.0,4.0
22,7,3.0,3.0
22,23,2.0,2.0
22,33,5.0,5.0
22,20,4.0,3.0
22,28,5.0,5.0
22,56,5.0,5.0
22,27,3.0,2.0
22,68,1.0,1.0
22,91,3.0,2.0
22,57,2.0,3.0
22,51,3.0,3.0
22,5,5.0,4.0
22,15,3.0,3.0
22,0,5.0,5.0
22,1,3.0,3.0
22,11,3.0,3.0
22,46,3.0,3.0
22,84,1.0,2.0
22,95,2.0,2.0
22,9,2.0,2.0
23,34,3.0,3.0
23,81,5.0,5.0
23,84,1.0,2.0
23,18,5.0,4.0
23,1,4.0,4.0
23,3,4.0,4.0
23,7,4.0,4.0
23,10,5.0,5.0
23,63,1.0,1.0
23,27,3.0,3.0
23,11,3.0,3.0
23,2,3.0,3.0
23,89,4.0,5.0
23,12,2.0,2.0
23,14,3.0,2.0
23,15,4.0,4.0
23,16,2.0,2.0
23,92,5.0,4.0
23,24,2.0,2.0
23,4,2.0,2.0
23,6,4.0,4.0
23,8,3.0,3.0
23,95,3.0,3.0
23,19,4.0,5.0
23,25,3.0,3.0
23,31,2.0,3.0
23,51,3.0,4.0
23,53,4.0,3.0
23,20,5.0,4.0
23,23,3.0,3.0
23,64,4.0,4.0
23,33,5.0,5.0
23,49,4.0,4.0
23,68,1.0,1.0
23,5,5.0,5.0
23,67,5.0,5.0
23,72,4.0,3.0
23,35,1.0,1.0
23,28,5.0,5.0
23,91,4.0,4.0
23,56,5.0,5.0
23,0,5.0,5.0
23,9,3.0,3.0
23,37,4.0,4.0
23,70,2.0,1.0
23,46,3.0,2.0
23,93,2.0,4.0
23,90,1.0,1.0
23,85,4.0,1.0
24,2,3.0,3.0
24,4,1.0,1.0
24,34,3.0,2.0
24,10,5.0,5.0
24,37,3.0,2.0
24,81,5.0,5.0
24,31,2.0,1.0
24,5,5.0,5.0
24,6,3.0,3.0
24,8,4.0,4.0
24,12,2.0,2.0
24,15,3.0,4.0
24,18,4.0,5.0
24,0,5.0,5.0
24,1,3.0,4.0
24,9,4.0,4.0
24,7,5.0,4.0
24,11,4.0,5.0
24,68,1.0,1.0
24,3,4.0,4.0
24,14,3.0,2.0
24,53,3.0,3.0
24,25,4.0,3.0
24,16,2.0,2.0
24,28,5.0,5.0
24,56,5.0,5.0
24,89,4.0,5.0
24,35,1.0,1.0
24,20,4.0,3.0
24,19,5.0,5.0
24,91,4.0,3.0
24,92,5.0,5.0
24,27,3.0,3.0
25,0,5.0,5.0
25,16,2.0,2.0
25,68,1.0,1.0
25,1,4.0,3.0
25,6,4.0,4.0
25,35,1.0,1.0
25,10,5.0,5.0
25,12,2.0,1.0
25,27,3.0,3.0
25,7,3.0,3.0
25,14,2.0,3.0
25,28,5.0,4.0
25,53,3.0,3.0
25,31,2.0,2.0
25,2,2.0,3.0
25,8,3.0,2.0
25,18,4.0,5.0
25,3,4.0,5.0
25,9,2.0,3.0
25,34,3.0,3.0
25,20,4.0,4.0
25,19,4.0,4.0
25,95,2.0,2.0
25,11,3.0,2.0
25,5,5.0,5.0
25,57,1.0,2.0
25,15,3.0,4.0
25,46,4.0,3.0
25,4,2.0,2.0
25,89,4.0,4.0
25,92,5.0,4.0
25,72,4.0,4.0
25,56,5.0,5.0
25,84,1.0,1.0
25,81,5.0,5.0
25,49,3.0,4.0
25,24,1.0,2.0
25,25,3.0,3.0
25,37,3.0,3.0
26,28,5.0,5.0
26,2,2.0,2.0
26,4,2.0,2.0
26,8,3.0,4.0
26,10,5.0,5.0
26,91,4.0,4.0
26,16,2.0,2.0
26,20,4.0,4.0
26,53,3.0,4.0
26,34,3.0,3.0
26,56,5.0,5.0
26,12,2.0,2.0
26,14,2.0,2.0
26,15,3.0,2.0
26,18,4.0,4.0
26,24,2.0,2.0
26,84,1.0,1.0
26,31,1.0,1.0
26,95,2.0,1.0
26,19,5.0,4.0
26,25,3.0,3.0
26,6,4.0,4.0
26,93,2.0,2.0
26,64,4.0,5.0
26,27,3.0,4.0
26,0,5.0,5.0
26,1,3.0,3.0
26,3,4.0,4.0
26,7,4.0,3.0
26,11,3.0,3.0
26,72,4.0,4.0
26,92,5.0,5.0
26,81,5.0,5.0
26,63,1.0,1.0
26,68,1.0,1.0
26,89,4.0,4.0
26,5,5.0,5.0
26,46,3.0,3.0
26,9,2.0,2.0
26,78,5.0,5.0
26,33,5.0,5.0
26,23,2.0,1.0
26,51,3.0,3.0
26,37,3.0,2.0
26,90,1.0,1.0
26,85,3.0,4.0
26,35,1.0,1.0
27,2,2.0,2.0
27,4,1.0,1.0
27,34,3.0,2.0
27,8,3.0,3.0
27,10,5.0,5.0
27,16,2.0,2.0
27,20,4.0,5.0
27,37,3.0,2.0
27,92,4.0,4.0
27,81,5.0,5.0
27,53,3.0,2.0
27,5,5.0,5.0
27,12,2.0,1.0
27,95,2.0,2.0
27,18,4.0,5.0
27,25,3.0,3.0
27,3,3.0,3.0
27,7,4.0,3.0
27,14,2.0,2.0
27,84,1.0,1.0
27,6,3.0,3.0
27,19,4.0,4.0
27,31,2.0,1.0
27,51,3.0,3.0
27,1,3.0,3.0
27,28,5.0,5.0
27,11,3.0,2.0
27,27,3.0,2.0
27,0,5.0,5.0
27,68,1.0,1.0
27,9,2.0,3.0
27,15,3.0,3.0
27,35,1.0,1.0
27,56,5.0,5.0
27,93,2.0,1.0
27,91,4.0,4.0
27,89,4.0,4.0
28,53,2.0,2.0
28,2,2.0,2.0
28,8,2.0,2.0
28,10,5.0,5.0
28,3,3.0,3.0
28,12,2.0,2.0
28,16,2.0,1.0
28,31,1.0,1.0
28,34,2.0,1.0
28,14,2.0,2.0
28,18,4.0,4.0
28,4,1.0,1.0
28,92,4.0,4.0
28,19,4.0,4.0
28,6,3.0,2.0
28,89,3.0,2.0
28,68,1.0,1.0
28,15,3.0,2.0
28,20,3.0,5.0
28,0,5.0,5.0
28,9,2.0,1.0
28,1,3.0,4.0
29,28,5.0,5.0
29,2,2.0,2.0
29,6,3.0,3.0
29,34,3.0,4.0
29,56,5.0,5.0
29,57,2.0,2.0
29,8,3.0,3.0
29,20,4.0,4.0
29,0,5.0,5.0
29,1,3.0,3.0
29,27,3.0,2.0
29,10,5.0,5.0
29,11,3.0,2.0
29,51,3.0,4.0
29,36,3.0,2.0
29,16,2.0,2.0
29,18,4.0,4.0
29,64,4.0,5.0
29,31,2.0,1.0
29,15,3.0,3.0
29,4,1.0,2.0
29,35,1.0,1.0
29,91,4.0,4.0
29,37,3.0,2.0
29,92,5.0,4.0
29,7,4.0,4.0
29,89,4.0,3.0
29,3,3.0,4.0
29,9,2.0,2.0
29,63,1.0,1.0
29,68,1.0,1.0
29,14,2.0,2.0
29,5,5.0,5.0
29,95,2.0,4.0
29,46,3.0,4.0
29,12,2.0,2.0
29,23,3.0,3.0
29,19,4.0,3.0
29,81,5.0,5.0
29,53,3.0,4.0
29,93,2.0,1.0
29,84,1.0,1.0
29,25,3.0,3.0
29,72,5.0,4.0
29,13,4.0,4.0
29,85,3.0,2.0
29,32,2.0,3.0
29,78,4.0,4.0
29,26,3.0,4.0
29,90,1.0,1.0
29,33,5.0,5.0
29,24,2.0,1.0
